Crypto Rover,rovercrc,@CrypToomas Donâ€™t fall in sleep,https://twitter.com/rovercrc/status/1533448987386200065,2022-06-05 14:01:43 UTC
Crypto Rover,rovercrc,#BITCOIN WHALES ARE BUYING!!!! ğŸ‘‡ğŸ³  https://t.co/tSZiCJYlqx,https://twitter.com/rovercrc/status/1533447800293273600,2022-06-05 13:57:00 UTC
Crypto Rover,rovercrc,"I JUST FOUND SOMETHING CRAZY IN THE CHARTS...  I shared it in my private signal group (now still free), and I also shared my plan to absolutely crush this market!  JOIN NOW ğŸ’ğŸ‘‡  https://t.co/4JiC1vk6TI",https://twitter.com/rovercrc/status/1533441845291794432,2022-06-05 13:33:20 UTC
Crypto Rover,rovercrc,#BITCOIN EXCHANGE BALANCE IS DROPPING  THE SUPPLY SQUEEZE IS COMING!  A supply squeeze on Bitcoin would mean there is more demand for bitcoin than there is supply causing a parabolic rally in price ğŸš€ğŸ‹  Halving in 2024 will cause an even bigger supply squeeze!   HODL! ğŸ’ğŸ‘  https://t.co/XoqnFCllZF,https://twitter.com/rovercrc/status/1533437482473226241,2022-06-05 13:16:00 UTC
Crypto Rover,rovercrc,@MartiniGuyYT CRAZY BULLISH! ğŸš€,https://twitter.com/rovercrc/status/1533434382639419392,2022-06-05 13:03:41 UTC
Crypto Rover,rovercrc,"You can trade #Cryptocurrencies on Bybit   I will make a tutorial soon on my Youtube page!  Take advantage of the $4,800 Bonus (normally $400) only available via this link!  https://t.co/fJoOej5VqZ",https://twitter.com/rovercrc/status/1533429390037630976,2022-06-05 12:43:50 UTC
Crypto Rover,rovercrc,HUGE #BITCOIN BUY SIGNAL! ğŸ”¥ğŸ‘‡  https://t.co/lK5xTWZrje,https://twitter.com/rovercrc/status/1533426157739134976,2022-06-05 12:31:00 UTC
Crypto Rover,rovercrc,Fear equals opportunity! #Bitcoin  https://t.co/lYDcNFnwCX,https://twitter.com/rovercrc/status/1533416090897743872,2022-06-05 11:51:00 UTC
Crypto Rover,rovercrc,@elonmusk I love #Bitcoin,https://twitter.com/rovercrc/status/1533413667693264896,2022-06-05 11:41:22 UTC
Crypto Rover,rovercrc,#BITCOIN WILL RECOVER SOON! ğŸš€  This was the last wave of pain for $BTC... ğŸ‘‡  https://t.co/VNgPsDsCcn,https://twitter.com/rovercrc/status/1533406277014933504,2022-06-05 11:12:00 UTC
Crypto Rover,rovercrc,"#Bitcoin will never go below $20,000 again...",https://twitter.com/rovercrc/status/1533396713284767746,2022-06-05 10:34:00 UTC
Crypto Rover,rovercrc,"I am short on $LUNA since $8.  You can trade luna on Bybit + claim a $4,800 deposit bonus (only $400 without using the following link).   https://t.co/fJoOej5VqZ",https://twitter.com/rovercrc/status/1533387267875688449,2022-06-05 09:56:28 UTC
Crypto Rover,rovercrc,$LUNA 2.0 to zero...,https://twitter.com/rovercrc/status/1533386969920724992,2022-06-05 09:55:17 UTC
Crypto Rover,rovercrc,Next week #Bitcoin will be... (honestly)  Bearish                        Bullish ğŸ‘‡                                  ğŸ‘‡,https://twitter.com/rovercrc/status/1533379097258098688,2022-06-05 09:24:00 UTC
Crypto Rover,rovercrc,#Bitcoin Balance on Exchanges continues to nose-dive...  https://t.co/Pgrr7bioYM,https://twitter.com/rovercrc/status/1533370037280464897,2022-06-05 08:48:00 UTC
Crypto Rover,rovercrc,@TheCryptoBubble Makes sense ğŸ¤£,https://twitter.com/rovercrc/status/1533368654452113414,2022-06-05 08:42:30 UTC
Crypto Rover,rovercrc,#Bitcoin is so boring over the weekends... ğŸ˜‚,https://twitter.com/rovercrc/status/1533359971152408576,2022-06-05 08:08:00 UTC
Crypto Rover,rovercrc,NO WAY THIS IS HAPPENING... ğŸ˜±   https://t.co/iMreZickjA  https://t.co/6nzGNsSuY0,https://twitter.com/rovercrc/status/1533354498458099712,2022-06-05 07:46:15 UTC
Crypto Rover,rovercrc,#BITCOIN STILL HOLDING THE TREND!!!  https://t.co/tEuJycdthQ,https://twitter.com/rovercrc/status/1533352144765591552,2022-06-05 07:36:54 UTC
Crypto Rover,rovercrc,"ğŸ’¥JUST IN: Mayâ€™s CPI is expected to be 8,2%, just slightly cooler than April's 8,3%.",https://twitter.com/rovercrc/status/1533343605263319040,2022-06-05 07:02:58 UTC
Crypto Rover,rovercrc,@MartiniGuyYT @CryptoSavingExp THE VERY BEST,https://twitter.com/rovercrc/status/1533450508693819392,2022-06-05 14:07:46 UTC
Crypto Rover,rovercrc,"@MartiniGuyYT $35,000 ğŸ’ğŸ’ğŸ’ğŸ’ğŸ’",https://twitter.com/rovercrc/status/1533450248739241984,2022-06-05 14:06:44 UTC
Crypto Rover,rovercrc,@CrypToomas Donâ€™t fall in sleep,https://twitter.com/rovercrc/status/1533448987386200065,2022-06-05 14:01:43 UTC
Crypto Rover,rovercrc,#BITCOIN WHALES ARE BUYING!!!! ğŸ‘‡ğŸ³  https://t.co/tSZiCJYlqx,https://twitter.com/rovercrc/status/1533447800293273600,2022-06-05 13:57:00 UTC
Crypto Rover,rovercrc,"I JUST FOUND SOMETHING CRAZY IN THE CHARTS...  I shared it in my private signal group (now still free), and I also shared my plan to absolutely crush this market!  JOIN NOW ğŸ’ğŸ‘‡  https://t.co/4JiC1vk6TI",https://twitter.com/rovercrc/status/1533441845291794432,2022-06-05 13:33:20 UTC
Crypto Rover,rovercrc,#BITCOIN EXCHANGE BALANCE IS DROPPING  THE SUPPLY SQUEEZE IS COMING!  A supply squeeze on Bitcoin would mean there is more demand for bitcoin than there is supply causing a parabolic rally in price ğŸš€ğŸ‹  Halving in 2024 will cause an even bigger supply squeeze!   HODL! ğŸ’ğŸ‘  https://t.co/XoqnFCllZF,https://twitter.com/rovercrc/status/1533437482473226241,2022-06-05 13:16:00 UTC
Crypto Rover,rovercrc,@MartiniGuyYT CRAZY BULLISH! ğŸš€,https://twitter.com/rovercrc/status/1533434382639419392,2022-06-05 13:03:41 UTC
Crypto Rover,rovercrc,"You can trade #Cryptocurrencies on Bybit   I will make a tutorial soon on my Youtube page!  Take advantage of the $4,800 Bonus (normally $400) only available via this link!  https://t.co/fJoOej5VqZ",https://twitter.com/rovercrc/status/1533429390037630976,2022-06-05 12:43:50 UTC
Crypto Rover,rovercrc,HUGE #BITCOIN BUY SIGNAL! ğŸ”¥ğŸ‘‡  https://t.co/lK5xTWZrje,https://twitter.com/rovercrc/status/1533426157739134976,2022-06-05 12:31:00 UTC
Crypto Rover,rovercrc,Fear equals opportunity! #Bitcoin  https://t.co/lYDcNFnwCX,https://twitter.com/rovercrc/status/1533416090897743872,2022-06-05 11:51:00 UTC
Crypto Rover,rovercrc,@elonmusk I love #Bitcoin,https://twitter.com/rovercrc/status/1533413667693264896,2022-06-05 11:41:22 UTC
Crypto Rover,rovercrc,#BITCOIN WILL RECOVER SOON! ğŸš€  This was the last wave of pain for $BTC... ğŸ‘‡  https://t.co/VNgPsDsCcn,https://twitter.com/rovercrc/status/1533406277014933504,2022-06-05 11:12:00 UTC
Crypto Rover,rovercrc,"#Bitcoin will never go below $20,000 again...",https://twitter.com/rovercrc/status/1533396713284767746,2022-06-05 10:34:00 UTC
Crypto Rover,rovercrc,"I am short on $LUNA since $8.  You can trade luna on Bybit + claim a $4,800 deposit bonus (only $400 without using the following link).   https://t.co/fJoOej5VqZ",https://twitter.com/rovercrc/status/1533387267875688449,2022-06-05 09:56:28 UTC
Crypto Rover,rovercrc,$LUNA 2.0 to zero...,https://twitter.com/rovercrc/status/1533386969920724992,2022-06-05 09:55:17 UTC
Crypto Rover,rovercrc,Next week #Bitcoin will be... (honestly)  Bearish                        Bullish ğŸ‘‡                                  ğŸ‘‡,https://twitter.com/rovercrc/status/1533379097258098688,2022-06-05 09:24:00 UTC
Crypto Rover,rovercrc,#Bitcoin Balance on Exchanges continues to nose-dive...  https://t.co/Pgrr7bioYM,https://twitter.com/rovercrc/status/1533370037280464897,2022-06-05 08:48:00 UTC
Crypto Rover,rovercrc,@TheCryptoBubble Makes sense ğŸ¤£,https://twitter.com/rovercrc/status/1533368654452113414,2022-06-05 08:42:30 UTC
Crypto Rover,rovercrc,#Bitcoin is so boring over the weekends... ğŸ˜‚,https://twitter.com/rovercrc/status/1533359971152408576,2022-06-05 08:08:00 UTC
Crypto Rover,rovercrc,NO WAY THIS IS HAPPENING... ğŸ˜±   https://t.co/iMreZickjA  https://t.co/6nzGNsSuY0,https://twitter.com/rovercrc/status/1533354498458099712,2022-06-05 07:46:15 UTC
Crypto Rover,rovercrc,@MartiniGuyYT @CryptoSavingExp THE VERY BEST,https://twitter.com/rovercrc/status/1533450508693819392,2022-06-05 14:07:46 UTC
Crypto Rover,rovercrc,"@MartiniGuyYT $35,000 ğŸ’ğŸ’ğŸ’ğŸ’ğŸ’",https://twitter.com/rovercrc/status/1533450248739241984,2022-06-05 14:06:44 UTC
Crypto Rover,rovercrc,@CrypToomas Donâ€™t fall in sleep,https://twitter.com/rovercrc/status/1533448987386200065,2022-06-05 14:01:43 UTC
Crypto Rover,rovercrc,#BITCOIN WHALES ARE BUYING!!!! ğŸ‘‡ğŸ³  https://t.co/tSZiCJYlqx,https://twitter.com/rovercrc/status/1533447800293273600,2022-06-05 13:57:00 UTC
Crypto Rover,rovercrc,"I JUST FOUND SOMETHING CRAZY IN THE CHARTS...  I shared it in my private signal group (now still free), and I also shared my plan to absolutely crush this market!  JOIN NOW ğŸ’ğŸ‘‡  https://t.co/4JiC1vk6TI",https://twitter.com/rovercrc/status/1533441845291794432,2022-06-05 13:33:20 UTC
Crypto Rover,rovercrc,#BITCOIN EXCHANGE BALANCE IS DROPPING  THE SUPPLY SQUEEZE IS COMING!  A supply squeeze on Bitcoin would mean there is more demand for bitcoin than there is supply causing a parabolic rally in price ğŸš€ğŸ‹  Halving in 2024 will cause an even bigger supply squeeze!   HODL! ğŸ’ğŸ‘  https://t.co/XoqnFCllZF,https://twitter.com/rovercrc/status/1533437482473226241,2022-06-05 13:16:00 UTC
Crypto Rover,rovercrc,@MartiniGuyYT CRAZY BULLISH! ğŸš€,https://twitter.com/rovercrc/status/1533434382639419392,2022-06-05 13:03:41 UTC
Crypto Rover,rovercrc,"You can trade #Cryptocurrencies on Bybit   I will make a tutorial soon on my Youtube page!  Take advantage of the $4,800 Bonus (normally $400) only available via this link!  https://t.co/fJoOej5VqZ",https://twitter.com/rovercrc/status/1533429390037630976,2022-06-05 12:43:50 UTC
Crypto Rover,rovercrc,HUGE #BITCOIN BUY SIGNAL! ğŸ”¥ğŸ‘‡  https://t.co/lK5xTWZrje,https://twitter.com/rovercrc/status/1533426157739134976,2022-06-05 12:31:00 UTC
Crypto Rover,rovercrc,Fear equals opportunity! #Bitcoin  https://t.co/lYDcNFnwCX,https://twitter.com/rovercrc/status/1533416090897743872,2022-06-05 11:51:00 UTC
Crypto Rover,rovercrc,@elonmusk I love #Bitcoin,https://twitter.com/rovercrc/status/1533413667693264896,2022-06-05 11:41:22 UTC
Crypto Rover,rovercrc,#BITCOIN WILL RECOVER SOON! ğŸš€  This was the last wave of pain for $BTC... ğŸ‘‡  https://t.co/VNgPsDsCcn,https://twitter.com/rovercrc/status/1533406277014933504,2022-06-05 11:12:00 UTC
Crypto Rover,rovercrc,"#Bitcoin will never go below $20,000 again...",https://twitter.com/rovercrc/status/1533396713284767746,2022-06-05 10:34:00 UTC
Crypto Rover,rovercrc,"I am short on $LUNA since $8.  You can trade luna on Bybit + claim a $4,800 deposit bonus (only $400 without using the following link).   https://t.co/fJoOej5VqZ",https://twitter.com/rovercrc/status/1533387267875688449,2022-06-05 09:56:28 UTC
Crypto Rover,rovercrc,$LUNA 2.0 to zero...,https://twitter.com/rovercrc/status/1533386969920724992,2022-06-05 09:55:17 UTC
Crypto Rover,rovercrc,Next week #Bitcoin will be... (honestly)  Bearish                        Bullish ğŸ‘‡                                  ğŸ‘‡,https://twitter.com/rovercrc/status/1533379097258098688,2022-06-05 09:24:00 UTC
Crypto Rover,rovercrc,#Bitcoin Balance on Exchanges continues to nose-dive...  https://t.co/Pgrr7bioYM,https://twitter.com/rovercrc/status/1533370037280464897,2022-06-05 08:48:00 UTC
Crypto Rover,rovercrc,@TheCryptoBubble Makes sense ğŸ¤£,https://twitter.com/rovercrc/status/1533368654452113414,2022-06-05 08:42:30 UTC
Crypto Rover,rovercrc,#Bitcoin is so boring over the weekends... ğŸ˜‚,https://twitter.com/rovercrc/status/1533359971152408576,2022-06-05 08:08:00 UTC
Crypto Rover,rovercrc,NO WAY THIS IS HAPPENING... ğŸ˜±   https://t.co/iMreZickjA  https://t.co/6nzGNsSuY0,https://twitter.com/rovercrc/status/1533354498458099712,2022-06-05 07:46:15 UTC
Crypto Rover,rovercrc,@MartiniGuyYT @CryptoSavingExp THE VERY BEST,https://twitter.com/rovercrc/status/1533450508693819392,2022-06-05 14:07:46 UTC
Crypto Rover,rovercrc,"@MartiniGuyYT $35,000 ğŸ’ğŸ’ğŸ’ğŸ’ğŸ’",https://twitter.com/rovercrc/status/1533450248739241984,2022-06-05 14:06:44 UTC
Crypto Rover,rovercrc,@CrypToomas Donâ€™t fall in sleep,https://twitter.com/rovercrc/status/1533448987386200065,2022-06-05 14:01:43 UTC
Crypto Rover,rovercrc,#BITCOIN WHALES ARE BUYING!!!! ğŸ‘‡ğŸ³  https://t.co/tSZiCJYlqx,https://twitter.com/rovercrc/status/1533447800293273600,2022-06-05 13:57:00 UTC
Crypto Rover,rovercrc,"I JUST FOUND SOMETHING CRAZY IN THE CHARTS...  I shared it in my private signal group (now still free), and I also shared my plan to absolutely crush this market!  JOIN NOW ğŸ’ğŸ‘‡  https://t.co/4JiC1vk6TI",https://twitter.com/rovercrc/status/1533441845291794432,2022-06-05 13:33:20 UTC
Crypto Rover,rovercrc,#BITCOIN EXCHANGE BALANCE IS DROPPING  THE SUPPLY SQUEEZE IS COMING!  A supply squeeze on Bitcoin would mean there is more demand for bitcoin than there is supply causing a parabolic rally in price ğŸš€ğŸ‹  Halving in 2024 will cause an even bigger supply squeeze!   HODL! ğŸ’ğŸ‘  https://t.co/XoqnFCllZF,https://twitter.com/rovercrc/status/1533437482473226241,2022-06-05 13:16:00 UTC
Crypto Rover,rovercrc,@MartiniGuyYT CRAZY BULLISH! ğŸš€,https://twitter.com/rovercrc/status/1533434382639419392,2022-06-05 13:03:41 UTC
Crypto Rover,rovercrc,"You can trade #Cryptocurrencies on Bybit   I will make a tutorial soon on my Youtube page!  Take advantage of the $4,800 Bonus (normally $400) only available via this link!  https://t.co/fJoOej5VqZ",https://twitter.com/rovercrc/status/1533429390037630976,2022-06-05 12:43:50 UTC
Crypto Rover,rovercrc,HUGE #BITCOIN BUY SIGNAL! ğŸ”¥ğŸ‘‡  https://t.co/lK5xTWZrje,https://twitter.com/rovercrc/status/1533426157739134976,2022-06-05 12:31:00 UTC
Crypto Rover,rovercrc,Fear equals opportunity! #Bitcoin  https://t.co/lYDcNFnwCX,https://twitter.com/rovercrc/status/1533416090897743872,2022-06-05 11:51:00 UTC
Crypto Rover,rovercrc,@elonmusk I love #Bitcoin,https://twitter.com/rovercrc/status/1533413667693264896,2022-06-05 11:41:22 UTC
Crypto Rover,rovercrc,#BITCOIN WILL RECOVER SOON! ğŸš€  This was the last wave of pain for $BTC... ğŸ‘‡  https://t.co/VNgPsDsCcn,https://twitter.com/rovercrc/status/1533406277014933504,2022-06-05 11:12:00 UTC
Crypto Rover,rovercrc,"#Bitcoin will never go below $20,000 again...",https://twitter.com/rovercrc/status/1533396713284767746,2022-06-05 10:34:00 UTC
Crypto Rover,rovercrc,"I am short on $LUNA since $8.  You can trade luna on Bybit + claim a $4,800 deposit bonus (only $400 without using the following link).   https://t.co/fJoOej5VqZ",https://twitter.com/rovercrc/status/1533387267875688449,2022-06-05 09:56:28 UTC
Crypto Rover,rovercrc,$LUNA 2.0 to zero...,https://twitter.com/rovercrc/status/1533386969920724992,2022-06-05 09:55:17 UTC
Crypto Rover,rovercrc,Next week #Bitcoin will be... (honestly)  Bearish                        Bullish ğŸ‘‡                                  ğŸ‘‡,https://twitter.com/rovercrc/status/1533379097258098688,2022-06-05 09:24:00 UTC
Crypto Rover,rovercrc,#Bitcoin Balance on Exchanges continues to nose-dive...  https://t.co/Pgrr7bioYM,https://twitter.com/rovercrc/status/1533370037280464897,2022-06-05 08:48:00 UTC
Crypto Rover,rovercrc,@TheCryptoBubble Makes sense ğŸ¤£,https://twitter.com/rovercrc/status/1533368654452113414,2022-06-05 08:42:30 UTC
Crypto Rover,rovercrc,#Bitcoin is so boring over the weekends... ğŸ˜‚,https://twitter.com/rovercrc/status/1533359971152408576,2022-06-05 08:08:00 UTC
Crypto Rover,rovercrc,NO WAY THIS IS HAPPENING... ğŸ˜±   https://t.co/iMreZickjA  https://t.co/6nzGNsSuY0,https://twitter.com/rovercrc/status/1533354498458099712,2022-06-05 07:46:15 UTC
Crypto Rover,rovercrc,@MartiniGuyYT @CryptoSavingExp THE VERY BEST,https://twitter.com/rovercrc/status/1533450508693819392,2022-06-05 14:07:46 UTC
Crypto Rover,rovercrc,"@MartiniGuyYT $35,000 ğŸ’ğŸ’ğŸ’ğŸ’ğŸ’",https://twitter.com/rovercrc/status/1533450248739241984,2022-06-05 14:06:44 UTC
Crypto Rover,rovercrc,@CrypToomas Donâ€™t fall in sleep,https://twitter.com/rovercrc/status/1533448987386200065,2022-06-05 14:01:43 UTC
Crypto Rover,rovercrc,#BITCOIN WHALES ARE BUYING!!!! ğŸ‘‡ğŸ³  https://t.co/tSZiCJYlqx,https://twitter.com/rovercrc/status/1533447800293273600,2022-06-05 13:57:00 UTC
Crypto Rover,rovercrc,"I JUST FOUND SOMETHING CRAZY IN THE CHARTS...  I shared it in my private signal group (now still free), and I also shared my plan to absolutely crush this market!  JOIN NOW ğŸ’ğŸ‘‡  https://t.co/4JiC1vk6TI",https://twitter.com/rovercrc/status/1533441845291794432,2022-06-05 13:33:20 UTC
Crypto Rover,rovercrc,#BITCOIN EXCHANGE BALANCE IS DROPPING  THE SUPPLY SQUEEZE IS COMING!  A supply squeeze on Bitcoin would mean there is more demand for bitcoin than there is supply causing a parabolic rally in price ğŸš€ğŸ‹  Halving in 2024 will cause an even bigger supply squeeze!   HODL! ğŸ’ğŸ‘  https://t.co/XoqnFCllZF,https://twitter.com/rovercrc/status/1533437482473226241,2022-06-05 13:16:00 UTC
Crypto Rover,rovercrc,@MartiniGuyYT CRAZY BULLISH! ğŸš€,https://twitter.com/rovercrc/status/1533434382639419392,2022-06-05 13:03:41 UTC
Crypto Rover,rovercrc,"You can trade #Cryptocurrencies on Bybit   I will make a tutorial soon on my Youtube page!  Take advantage of the $4,800 Bonus (normally $400) only available via this link!  https://t.co/fJoOej5VqZ",https://twitter.com/rovercrc/status/1533429390037630976,2022-06-05 12:43:50 UTC
Crypto Rover,rovercrc,HUGE #BITCOIN BUY SIGNAL! ğŸ”¥ğŸ‘‡  https://t.co/lK5xTWZrje,https://twitter.com/rovercrc/status/1533426157739134976,2022-06-05 12:31:00 UTC
Crypto Rover,rovercrc,Fear equals opportunity! #Bitcoin  https://t.co/lYDcNFnwCX,https://twitter.com/rovercrc/status/1533416090897743872,2022-06-05 11:51:00 UTC
Crypto Rover,rovercrc,@elonmusk I love #Bitcoin,https://twitter.com/rovercrc/status/1533413667693264896,2022-06-05 11:41:22 UTC
Crypto Rover,rovercrc,#BITCOIN WILL RECOVER SOON! ğŸš€  This was the last wave of pain for $BTC... ğŸ‘‡  https://t.co/VNgPsDsCcn,https://twitter.com/rovercrc/status/1533406277014933504,2022-06-05 11:12:00 UTC
Crypto Rover,rovercrc,"#Bitcoin will never go below $20,000 again...",https://twitter.com/rovercrc/status/1533396713284767746,2022-06-05 10:34:00 UTC
Crypto Rover,rovercrc,"I am short on $LUNA since $8.  You can trade luna on Bybit + claim a $4,800 deposit bonus (only $400 without using the following link).   https://t.co/fJoOej5VqZ",https://twitter.com/rovercrc/status/1533387267875688449,2022-06-05 09:56:28 UTC
Crypto Rover,rovercrc,$LUNA 2.0 to zero...,https://twitter.com/rovercrc/status/1533386969920724992,2022-06-05 09:55:17 UTC
Crypto Rover,rovercrc,Next week #Bitcoin will be... (honestly)  Bearish                        Bullish ğŸ‘‡                                  ğŸ‘‡,https://twitter.com/rovercrc/status/1533379097258098688,2022-06-05 09:24:00 UTC
Crypto Rover,rovercrc,#Bitcoin Balance on Exchanges continues to nose-dive...  https://t.co/Pgrr7bioYM,https://twitter.com/rovercrc/status/1533370037280464897,2022-06-05 08:48:00 UTC
Crypto Rover,rovercrc,@TheCryptoBubble Makes sense ğŸ¤£,https://twitter.com/rovercrc/status/1533368654452113414,2022-06-05 08:42:30 UTC
Crypto Rover,rovercrc,#Bitcoin is so boring over the weekends... ğŸ˜‚,https://twitter.com/rovercrc/status/1533359971152408576,2022-06-05 08:08:00 UTC
Crypto Rover,rovercrc,NO WAY THIS IS HAPPENING... ğŸ˜±   https://t.co/iMreZickjA  https://t.co/6nzGNsSuY0,https://twitter.com/rovercrc/status/1533354498458099712,2022-06-05 07:46:15 UTC
